0>2>6>14>30>62>125>251>504 bh_lcf_score0<1.6977,bh_lcf_score0<3.0004,bh_lcf_score0<4.3199,bh_scls_mt_classes_cos<0.0146618,cp_ulevel_3<2.0,bh_scls_mt_classes_cos<0.793035,bh_conn_type_2<2.0,bh_lcf_score0<10.6752 0.0122051
0>2>6>14>30>62>125>252>505 bh_lcf_score0<1.6977,bh_lcf_score0<3.0004,bh_lcf_score0<4.3199,bh_scls_mt_classes_cos<0.0146618,cp_ulevel_3<2.0,bh_scls_mt_classes_cos<0.793035,bh_conn_type_2<2.0,cp_bhv_4<2.0 0.00611324
0>2>6>14>30>62>125>251>503 bh_lcf_score0<1.6977,bh_lcf_score0<3.0004,bh_lcf_score0<4.3199,bh_scls_mt_classes_cos<0.0146618,cp_ulevel_3<2.0,bh_scls_mt_classes_cos<0.793035,bh_conn_type_2<2.0,bh_lcf_score0<10.6752 0.00545812
0>2>6>14>30>62>125>252>506 bh_lcf_score0<1.6977,bh_lcf_score0<3.0004,bh_lcf_score0<4.3199,bh_scls_mt_classes_cos<0.0146618,cp_ulevel_3<2.0,bh_scls_mt_classes_cos<0.793035,bh_conn_type_2<2.0,cp_bhv_4<2.0 0.00389569
0>2>6>14>30>61>123>247>496 bh_lcf_score0<1.6977,bh_lcf_score0<3.0004,bh_lcf_score0<4.3199,bh_scls_mt_classes_cos<0.0146618,cp_ulevel_3<2.0,bh_conn_type_2<2.0,mt_fields_26<2.0,bh_cls_mt_classes_cos<0.108008 0.00329036
0>2>6>14>29>59>120>242>485 bh_lcf_score0<1.6977,bh_lcf_score0<3.0004,bh_lcf_score0<4.3199,bh_scls_mt_classes_cos<0.0146618,ctr_real_36h<0.0930672,bh_cls_mt_classes_cos<0.00593997,bh_cls_mt_classes_cos<0.198651,mt_app_type_64<2.0 0.003143
0>2>6>14>29>60>122>245>491 bh_lcf_score0<1.6977,bh_lcf_score0<3.0004,bh_lcf_score0<4.3199,bh_scls_mt_classes_cos<0.0146618,ctr_real_36h<0.0930672,ctr_real_thirty<0.117056,bh_cls_mt_classes_cos<0.763434,bh_conn_type_2<2.0 0.00264751
0>2>6>14>30>61>123>248>497 bh_lcf_score0<1.6977,bh_lcf_score0<3.0004,bh_lcf_score0<4.3199,bh_scls_mt_classes_cos<0.0146618,cp_ulevel_3<2.0,bh_conn_type_2<2.0,mt_fields_26<2.0,bh_comment_count<12.0 0.0024701
0>2>6>14>30>61>123>247>495 bh_lcf_score0<1.6977,bh_lcf_score0<3.0004,bh_lcf_score0<4.3199,bh_scls_mt_classes_cos<0.0146618,cp_ulevel_3<2.0,bh_conn_type_2<2.0,mt_fields_26<2.0,bh_cls_mt_classes_cos<0.108008 0.00243813
0>2>6>13>28>58>118>237>475 bh_lcf_score0<1.6977,bh_lcf_score0<3.0004,bh_lcf_score0<4.3199,bh_lcf_score0<3.4859,bh_scls_mt_classes_cos<0.0178082,cp_ulevel_3<2.0,bh_scls_mt_classes_cos<0.793035,cp_bhv_4<2.0 0.00228466
0>2>6>14>30>62>126>253>507 bh_lcf_score0<1.6977,bh_lcf_score0<3.0004,bh_lcf_score0<4.3199,bh_scls_mt_classes_cos<0.0146618,cp_ulevel_3<2.0,bh_scls_mt_classes_cos<0.793035,bh_os_android<2.0,clk_real_thirty<81.0 0.00211199
0>2>6>14>29>60>122>246>494 bh_lcf_score0<1.6977,bh_lcf_score0<3.0004,bh_lcf_score0<4.3199,bh_scls_mt_classes_cos<0.0146618,ctr_real_36h<0.0930672,ctr_real_thirty<0.117056,bh_cls_mt_classes_cos<0.763434,bh_cls_mt_classes_cos<0.999999 0.00199035
0>2>6>14>30>61>124>250>501 bh_lcf_score0<1.6977,bh_lcf_score0<3.0004,bh_lcf_score0<4.3199,bh_scls_mt_classes_cos<0.0146618,cp_ulevel_3<2.0,bh_conn_type_2<2.0,bh_cls_mt_classes_cos<0.0242637,bh_scls_mt_classes_cos<0.793035 0.00193726
0>2>6>14>29>59>119>240>482 bh_lcf_score0<1.6977,bh_lcf_score0<3.0004,bh_lcf_score0<4.3199,bh_scls_mt_classes_cos<0.0146618,ctr_real_36h<0.0930672,bh_cls_mt_classes_cos<0.00593997,bh_rtclasses_mt_classes_cos<0.0970645,cp_ulevel_3<2.0 0.00183485
0>2>6>14>29>60>121>244>490 bh_lcf_score0<1.6977,bh_lcf_score0<3.0004,bh_lcf_score0<4.3199,bh_scls_mt_classes_cos<0.0146618,ctr_real_36h<0.0930672,ctr_real_thirty<0.117056,bh_cls_mt_classes_cos<0.00164484,ctr_biased_sixty<0.124033 0.00129664
0>2>6>14>29>60>122>245>492 bh_lcf_score0<1.6977,bh_lcf_score0<3.0004,bh_lcf_score0<4.3199,bh_scls_mt_classes_cos<0.0146618,ctr_real_36h<0.0930672,ctr_real_thirty<0.117056,bh_cls_mt_classes_cos<0.763434,bh_conn_type_2<2.0 0.00125897
0>2>6>14>30>61>123>248>498 bh_lcf_score0<1.6977,bh_lcf_score0<3.0004,bh_lcf_score0<4.3199,bh_scls_mt_classes_cos<0.0146618,cp_ulevel_3<2.0,bh_conn_type_2<2.0,mt_fields_26<2.0,bh_comment_count<12.0 0.00121185
0>2>6>14>29>59>120>241>484 bh_lcf_score0<1.6977,bh_lcf_score0<3.0004,bh_lcf_score0<4.3199,bh_scls_mt_classes_cos<0.0146618,ctr_real_36h<0.0930672,bh_cls_mt_classes_cos<0.00593997,bh_cls_mt_classes_cos<0.198651,bh_rtclasses_mt_classes_cos<0.137754 0.00096426
0>2>6>14>30>62>126>254>509 bh_lcf_score0<1.6977,bh_lcf_score0<3.0004,bh_lcf_score0<4.3199,bh_scls_mt_classes_cos<0.0146618,cp_ulevel_3<2.0,bh_scls_mt_classes_cos<0.793035,bh_os_android<2.0,bh_cls_mt_classes_cos<0.763434 0.000652163
0>2>6>13>28>58>118>237>476 bh_lcf_score0<1.6977,bh_lcf_score0<3.0004,bh_lcf_score0<4.3199,bh_lcf_score0<3.4859,bh_scls_mt_classes_cos<0.0178082,cp_ulevel_3<2.0,bh_scls_mt_classes_cos<0.793035,cp_bhv_4<2.0 0.000476683
0>2>6>14>30>61>124>249>500 bh_lcf_score0<1.6977,bh_lcf_score0<3.0004,bh_lcf_score0<4.3199,bh_scls_mt_classes_cos<0.0146618,cp_ulevel_3<2.0,bh_conn_type_2<2.0,bh_cls_mt_classes_cos<0.0242637,clk_real_16h<7.0 0.000304173
0>2>6>13>28>58>117>236>473 bh_lcf_score0<1.6977,bh_lcf_score0<3.0004,bh_lcf_score0<4.3199,bh_lcf_score0<3.4859,bh_scls_mt_classes_cos<0.0178082,cp_ulevel_3<2.0,bh_lcf_score0<4.1858,bh_conn_type_2<2.0 9.57837e-05
0>2>6>14>29>60>121>244>489 bh_lcf_score0<1.6977,bh_lcf_score0<3.0004,bh_lcf_score0<4.3199,bh_scls_mt_classes_cos<0.0146618,ctr_real_36h<0.0930672,ctr_real_thirty<0.117056,bh_cls_mt_classes_cos<0.00164484,ctr_biased_sixty<0.124033 -5.61608e-05
0>2>6>13>28>57>116>234>470 bh_lcf_score0<1.6977,bh_lcf_score0<3.0004,bh_lcf_score0<4.3199,bh_lcf_score0<3.4859,bh_scls_mt_classes_cos<0.0178082,ctr_real_48h<0.0936607,ctr_real_thirty<0.140993,bh_lcf_score0<4.1858 -7.05844e-05
0>2>6>14>30>61>124>250>502 bh_lcf_score0<1.6977,bh_lcf_score0<3.0004,bh_lcf_score0<4.3199,bh_scls_mt_classes_cos<0.0146618,cp_ulevel_3<2.0,bh_conn_type_2<2.0,bh_cls_mt_classes_cos<0.0242637,bh_scls_mt_classes_cos<0.793035 -0.000661124
0>2>6>13>28>58>117>236>474 bh_lcf_score0<1.6977,bh_lcf_score0<3.0004,bh_lcf_score0<4.3199,bh_lcf_score0<3.4859,bh_scls_mt_classes_cos<0.0178082,cp_ulevel_3<2.0,bh_lcf_score0<4.1858,bh_conn_type_2<2.0 -0.000781993
0>2>6>13>27>56>114>229>459 bh_lcf_score0<1.6977,bh_lcf_score0<3.0004,bh_lcf_score0<4.3199,bh_lcf_score0<3.4859,bh_scls_mt_classes_cos<0.0178082,cp_ulevel_3<2.0,bh_scls_mt_classes_cos<0.793035,bh_conn_type_2<2.0 -0.00108132
0>2>6>14>29>59>120>242>486 bh_lcf_score0<1.6977,bh_lcf_score0<3.0004,bh_lcf_score0<4.3199,bh_scls_mt_classes_cos<0.0146618,ctr_real_36h<0.0930672,bh_cls_mt_classes_cos<0.00593997,bh_cls_mt_classes_cos<0.198651,mt_app_type_64<2.0 -0.00108849
0>2>6>14>29>60>121>243>488 bh_lcf_score0<1.6977,bh_lcf_score0<3.0004,bh_lcf_score0<4.3199,bh_scls_mt_classes_cos<0.0146618,ctr_real_36h<0.0930672,ctr_real_thirty<0.117056,bh_cls_mt_classes_cos<0.00164484,clk_real_16h<133.0 -0.0011128
0>2>6>13>28>58>117>235>472 bh_lcf_score0<1.6977,bh_lcf_score0<3.0004,bh_lcf_score0<4.3199,bh_lcf_score0<3.4859,bh_scls_mt_classes_cos<0.0178082,cp_ulevel_3<2.0,bh_lcf_score0<4.1858,ctr_real_thirty<0.128079 -0.00135193
0>2>6>13>28>57>116>234>469 bh_lcf_score0<1.6977,bh_lcf_score0<3.0004,bh_lcf_score0<4.3199,bh_lcf_score0<3.4859,bh_scls_mt_classes_cos<0.0178082,ctr_real_48h<0.0936607,ctr_real_thirty<0.140993,bh_lcf_score0<4.1858 -0.001575
0>2>6>14>30>62>126>253>508 bh_lcf_score0<1.6977,bh_lcf_score0<3.0004,bh_lcf_score0<4.3199,bh_scls_mt_classes_cos<0.0146618,cp_ulevel_3<2.0,bh_scls_mt_classes_cos<0.793035,bh_os_android<2.0,clk_real_thirty<81.0 -0.00192251
0>2>6>13>28>58>117>235>471 bh_lcf_score0<1.6977,bh_lcf_score0<3.0004,bh_lcf_score0<4.3199,bh_lcf_score0<3.4859,bh_scls_mt_classes_cos<0.0178082,cp_ulevel_3<2.0,bh_lcf_score0<4.1858,ctr_real_thirty<0.128079 -0.00204499
0>2>6>13>28>57>115>232>466 bh_lcf_score0<1.6977,bh_lcf_score0<3.0004,bh_lcf_score0<4.3199,bh_lcf_score0<3.4859,bh_scls_mt_classes_cos<0.0178082,ctr_real_48h<0.0936607,bh_cls_mt_classes_cos<0.00593997,bh_cls_mt_classes_cos<0.165108 -0.00213326
0>2>6>13>27>56>114>229>460 bh_lcf_score0<1.6977,bh_lcf_score0<3.0004,bh_lcf_score0<4.3199,bh_lcf_score0<3.4859,bh_scls_mt_classes_cos<0.0178082,cp_ulevel_3<2.0,bh_scls_mt_classes_cos<0.793035,bh_conn_type_2<2.0 -0.00215317
0>2>6>13>28>58>118>238>477 bh_lcf_score0<1.6977,bh_lcf_score0<3.0004,bh_lcf_score0<4.3199,bh_lcf_score0<3.4859,bh_scls_mt_classes_cos<0.0178082,cp_ulevel_3<2.0,bh_scls_mt_classes_cos<0.793035,bh_os_android<2.0 -0.00231105
0>2>6>13>28>57>116>233>468 bh_lcf_score0<1.6977,bh_lcf_score0<3.0004,bh_lcf_score0<4.3199,bh_lcf_score0<3.4859,bh_scls_mt_classes_cos<0.0178082,ctr_real_48h<0.0936607,ctr_real_thirty<0.140993,bh_cls_mt_classes_cos<0.00164484 -0.00246845
0>2>5>12>26>54>110>221>444 bh_lcf_score0<1.6977,bh_lcf_score0<3.0004,bh_lcf_score0<2.3013,bh_scls_mt_classes_cos<0.028644,cp_ulevel_3<2.0,bh_lcf_score0<2.6165,bh_scls_mt_classes_cos<0.793035,ctr_real_sixty<0.139659 -0.00261269
0>2>6>13>27>56>113>228>458 bh_lcf_score0<1.6977,bh_lcf_score0<3.0004,bh_lcf_score0<4.3199,bh_lcf_score0<3.4859,bh_scls_mt_classes_cos<0.0178082,cp_ulevel_3<2.0,ctr_real_thirty<0.125445,ctr_real_48h<0.208811 -0.00269898
0>2>6>13>27>55>112>226>453 bh_lcf_score0<1.6977,bh_lcf_score0<3.0004,bh_lcf_score0<4.3199,bh_lcf_score0<3.4859,bh_scls_mt_classes_cos<0.0178082,ctr_real_sixty<0.123929,ctr_real_thirty<0.155968,bh_conn_type_2<2.0 -0.00286603
0>2>6>13>27>56>114>230>461 bh_lcf_score0<1.6977,bh_lcf_score0<3.0004,bh_lcf_score0<4.3199,bh_lcf_score0<3.4859,bh_scls_mt_classes_cos<0.0178082,cp_ulevel_3<2.0,bh_scls_mt_classes_cos<0.793035,bh_cls_mt_classes_cos<0.763434 -0.00304788
0>2>6>13>27>56>113>227>456 bh_lcf_score0<1.6977,bh_lcf_score0<3.0004,bh_lcf_score0<4.3199,bh_lcf_score0<3.4859,bh_scls_mt_classes_cos<0.0178082,cp_ulevel_3<2.0,ctr_real_thirty<0.125445,bh_lcf_score0<3.4137 -0.00323705
0>2>6>13>28>57>115>231>464 bh_lcf_score0<1.6977,bh_lcf_score0<3.0004,bh_lcf_score0<4.3199,bh_lcf_score0<3.4859,bh_scls_mt_classes_cos<0.0178082,ctr_real_48h<0.0936607,bh_cls_mt_classes_cos<0.00593997,bh_rtclasses_mt_classes_cos<0.0846672 -0.00331605
0>2>6>14>29>60>122>246>493 bh_lcf_score0<1.6977,bh_lcf_score0<3.0004,bh_lcf_score0<4.3199,bh_scls_mt_classes_cos<0.0146618,ctr_real_36h<0.0930672,ctr_real_thirty<0.117056,bh_cls_mt_classes_cos<0.763434,bh_cls_mt_classes_cos<0.999999 -0.00334523
0>2>6>13>27>56>113>228>457 bh_lcf_score0<1.6977,bh_lcf_score0<3.0004,bh_lcf_score0<4.3199,bh_lcf_score0<3.4859,bh_scls_mt_classes_cos<0.0178082,cp_ulevel_3<2.0,ctr_real_thirty<0.125445,ctr_real_48h<0.208811 -0.00346271
0>2>6>14>30>62>126>254>510 bh_lcf_score0<1.6977,bh_lcf_score0<3.0004,bh_lcf_score0<4.3199,bh_scls_mt_classes_cos<0.0146618,cp_ulevel_3<2.0,bh_scls_mt_classes_cos<0.793035,bh_os_android<2.0,bh_cls_mt_classes_cos<0.763434 -0.00362916
0>2>6>14>29>60>121>243>487 bh_lcf_score0<1.6977,bh_lcf_score0<3.0004,bh_lcf_score0<4.3199,bh_scls_mt_classes_cos<0.0146618,ctr_real_36h<0.0930672,ctr_real_thirty<0.117056,bh_cls_mt_classes_cos<0.00164484,clk_real_16h<133.0 -0.00363127
0>2>5>12>26>54>110>221>443 bh_lcf_score0<1.6977,bh_lcf_score0<3.0004,bh_lcf_score0<2.3013,bh_scls_mt_classes_cos<0.028644,cp_ulevel_3<2.0,bh_lcf_score0<2.6165,bh_scls_mt_classes_cos<0.793035,ctr_real_sixty<0.139659 -0.00365711
0>2>5>12>26>54>109>220>441 bh_lcf_score0<1.6977,bh_lcf_score0<3.0004,bh_lcf_score0<2.3013,bh_scls_mt_classes_cos<0.028644,cp_ulevel_3<2.0,bh_lcf_score0<2.6165,ctr_real_sixty<0.152227,imp_thirty<8881.0 -0.00385261
0>2>6>13>27>55>112>226>454 bh_lcf_score0<1.6977,bh_lcf_score0<3.0004,bh_lcf_score0<4.3199,bh_lcf_score0<3.4859,bh_scls_mt_classes_cos<0.0178082,ctr_real_sixty<0.123929,ctr_real_thirty<0.155968,bh_conn_type_2<2.0 -0.0039076
0>2>6>13>27>55>112>225>452 bh_lcf_score0<1.6977,bh_lcf_score0<3.0004,bh_lcf_score0<4.3199,bh_lcf_score0<3.4859,bh_scls_mt_classes_cos<0.0178082,ctr_real_sixty<0.123929,ctr_real_thirty<0.155968,bh_cls_mt_classes_cos<0.00164484 -0.0040822
0>1>3>8>18>37>75>152>306 bh_lcf_score0<1.6977,bh_lcf_score0<0.885399,mt_img_count_show<2.0,bh_dssm_score<0.601599,ctr_real_4h<0.116985,imp_48h<30.0,bh_rtlabel_mt_labels_cos<0.009999,bh_pctr<654.0 -0.00408781
0>2>5>12>25>52>106>214>429 bh_lcf_score0<1.6977,bh_lcf_score0<3.0004,bh_lcf_score0<2.3013,bh_scls_mt_classes_cos<0.028644,ctr_real_thirty<0.137416,bh_lcf_score0<2.6662,imp_16h<3900.0,bh_conn_type_2<2.0 -0.00412412
0>2>6>13>27>56>113>227>455 bh_lcf_score0<1.6977,bh_lcf_score0<3.0004,bh_lcf_score0<4.3199,bh_lcf_score0<3.4859,bh_scls_mt_classes_cos<0.0178082,cp_ulevel_3<2.0,ctr_real_thirty<0.125445,bh_lcf_score0<3.4137 -0.00417663
0>2>6>13>28>57>116>233>467 bh_lcf_score0<1.6977,bh_lcf_score0<3.0004,bh_lcf_score0<4.3199,bh_lcf_score0<3.4859,bh_scls_mt_classes_cos<0.0178082,ctr_real_48h<0.0936607,ctr_real_thirty<0.140993,bh_cls_mt_classes_cos<0.00164484 -0.00432615
0>2>6>14>29>59>120>241>483 bh_lcf_score0<1.6977,bh_lcf_score0<3.0004,bh_lcf_score0<4.3199,bh_scls_mt_classes_cos<0.0146618,ctr_real_36h<0.0930672,bh_cls_mt_classes_cos<0.00593997,bh_cls_mt_classes_cos<0.198651,bh_rtclasses_mt_classes_cos<0.137754 -0.00447731
0>2>5>12>26>53>108>218>437 bh_lcf_score0<1.6977,bh_lcf_score0<3.0004,bh_lcf_score0<2.3013,bh_scls_mt_classes_cos<0.028644,cp_ulevel_3<2.0,bh_lcf_score0<2.6165,ctr_real_thirty<0.140993,mt_app_type_64<2.0 -0.0046015
0>2>5>11>24>50>102>206>414 bh_lcf_score0<1.6977,bh_lcf_score0<3.0004,bh_lcf_score0<2.3013,ctr_real_thirty<0.146651,bh_lcf_score0<1.9758,bh_scls_mt_classes_cos<0.0418283,cp_ulevel_3<2.0,imp_8h<6197.0 -0.00469333
0>2>5>12>26>53>108>217>435 bh_lcf_score0<1.6977,bh_lcf_score0<3.0004,bh_lcf_score0<2.3013,bh_scls_mt_classes_cos<0.028644,cp_ulevel_3<2.0,bh_lcf_score0<2.6165,ctr_real_thirty<0.140993,imp_16h<159.0 -0.00480975
0>2>5>12>26>54>109>219>439 bh_lcf_score0<1.6977,bh_lcf_score0<3.0004,bh_lcf_score0<2.3013,bh_scls_mt_classes_cos<0.028644,cp_ulevel_3<2.0,bh_lcf_score0<2.6165,ctr_real_sixty<0.152227,imp_thirty<2633.0 -0.00493905
0>2>5>12>25>52>106>214>430 bh_lcf_score0<1.6977,bh_lcf_score0<3.0004,bh_lcf_score0<2.3013,bh_scls_mt_classes_cos<0.028644,ctr_real_thirty<0.137416,bh_lcf_score0<2.6662,imp_16h<3900.0,bh_conn_type_2<2.0 -0.00496889
0>2>6>13>27>55>111>224>449 bh_lcf_score0<1.6977,bh_lcf_score0<3.0004,bh_lcf_score0<4.3199,bh_lcf_score0<3.4859,bh_scls_mt_classes_cos<0.0178082,ctr_real_sixty<0.123929,ctr_real_48h<0.0797453,imp_thirty<1445.0 -0.00506712
0>2>6>13>27>55>112>225>451 bh_lcf_score0<1.6977,bh_lcf_score0<3.0004,bh_lcf_score0<4.3199,bh_lcf_score0<3.4859,bh_scls_mt_classes_cos<0.0178082,ctr_real_sixty<0.123929,ctr_real_thirty<0.155968,bh_cls_mt_classes_cos<0.00164484 -0.00516952
0>2>6>13>28>57>115>232>465 bh_lcf_score0<1.6977,bh_lcf_score0<3.0004,bh_lcf_score0<4.3199,bh_lcf_score0<3.4859,bh_scls_mt_classes_cos<0.0178082,ctr_real_48h<0.0936607,bh_cls_mt_classes_cos<0.00593997,bh_cls_mt_classes_cos<0.165108 -0.00517583
0>2>6>13>28>58>118>238>478 bh_lcf_score0<1.6977,bh_lcf_score0<3.0004,bh_lcf_score0<4.3199,bh_lcf_score0<3.4859,bh_scls_mt_classes_cos<0.0178082,cp_ulevel_3<2.0,bh_scls_mt_classes_cos<0.793035,bh_os_android<2.0 -0.00523428
0>2>5>12>26>53>108>218>438 bh_lcf_score0<1.6977,bh_lcf_score0<3.0004,bh_lcf_score0<2.3013,bh_scls_mt_classes_cos<0.028644,cp_ulevel_3<2.0,bh_lcf_score0<2.6165,ctr_real_thirty<0.140993,mt_app_type_64<2.0 -0.00530698
0>2>5>12>25>52>106>213>427 bh_lcf_score0<1.6977,bh_lcf_score0<3.0004,bh_lcf_score0<2.3013,bh_scls_mt_classes_cos<0.028644,ctr_real_thirty<0.137416,bh_lcf_score0<2.6662,imp_16h<3900.0,clk_real_4h<1094.0 -0.005404
0>2>5>12>25>52>105>212>425 bh_lcf_score0<1.6977,bh_lcf_score0<3.0004,bh_lcf_score0<2.3013,bh_scls_mt_classes_cos<0.028644,ctr_real_thirty<0.137416,bh_lcf_score0<2.6662,imp_36h<5940.0,imp_thirty<8881.0 -0.00555692
0>2>6>14>29>59>119>239>480 bh_lcf_score0<1.6977,bh_lcf_score0<3.0004,bh_lcf_score0<4.3199,bh_scls_mt_classes_cos<0.0146618,ctr_real_36h<0.0930672,bh_cls_mt_classes_cos<0.00593997,bh_rtclasses_mt_classes_cos<0.0970645,cp_pst_15<2.0 -0.00558774
0>2>5>12>26>53>108>217>436 bh_lcf_score0<1.6977,bh_lcf_score0<3.0004,bh_lcf_score0<2.3013,bh_scls_mt_classes_cos<0.028644,cp_ulevel_3<2.0,bh_lcf_score0<2.6165,ctr_real_thirty<0.140993,imp_16h<159.0 -0.00567358
0>2>5>11>24>50>102>206>413 bh_lcf_score0<1.6977,bh_lcf_score0<3.0004,bh_lcf_score0<2.3013,ctr_real_thirty<0.146651,bh_lcf_score0<1.9758,bh_scls_mt_classes_cos<0.0418283,cp_ulevel_3<2.0,imp_8h<6197.0 -0.00576687
0>2>5>12>26>53>107>216>434 bh_lcf_score0<1.6977,bh_lcf_score0<3.0004,bh_lcf_score0<2.3013,bh_scls_mt_classes_cos<0.028644,cp_ulevel_3<2.0,bh_lcf_score0<2.6165,ctr_real_thirty<0.131701,bh_lcf_score0<2.4137 -0.00577465
0>2>5>12>25>51>104>210>422 bh_lcf_score0<1.6977,bh_lcf_score0<3.0004,bh_lcf_score0<2.3013,bh_scls_mt_classes_cos<0.028644,ctr_real_thirty<0.137416,bh_cls_mt_classes_cos<0.00377388,bh_lcf_score0<2.6165,clk_biased_48h<161.63 -0.00580256
0>2>5>11>24>49>100>202>406 bh_lcf_score0<1.6977,bh_lcf_score0<3.0004,bh_lcf_score0<2.3013,ctr_real_thirty<0.146651,bh_lcf_score0<1.9758,bh_scls_mt_classes_cos<0.032054,cp_ulevel_3<2.0,clk_real_8h<2334.0 -0.00584648
0>2>5>12>26>54>110>222>445 bh_lcf_score0<1.6977,bh_lcf_score0<3.0004,bh_lcf_score0<2.3013,bh_scls_mt_classes_cos<0.028644,cp_ulevel_3<2.0,bh_lcf_score0<2.6165,bh_scls_mt_classes_cos<0.793035,imp_thirty<5100.0 -0.00595696
0>2>6>13>27>55>111>223>448 bh_lcf_score0<1.6977,bh_lcf_score0<3.0004,bh_lcf_score0<4.3199,bh_lcf_score0<3.4859,bh_scls_mt_classes_cos<0.0178082,ctr_real_sixty<0.123929,ctr_real_48h<0.0797453,bh_cls_mt_classes_cos<0.00817588 -0.00600211
0>2>5>12>26>54>109>220>442 bh_lcf_score0<1.6977,bh_lcf_score0<3.0004,bh_lcf_score0<2.3013,bh_scls_mt_classes_cos<0.028644,cp_ulevel_3<2.0,bh_lcf_score0<2.6165,ctr_real_sixty<0.152227,imp_thirty<8881.0 -0.00617574
0>2>6>13>27>56>114>230>462 bh_lcf_score0<1.6977,bh_lcf_score0<3.0004,bh_lcf_score0<4.3199,bh_lcf_score0<3.4859,bh_scls_mt_classes_cos<0.0178082,cp_ulevel_3<2.0,bh_scls_mt_classes_cos<0.793035,bh_cls_mt_classes_cos<0.763434 -0.00618259
0>2>5>11>23>48>98>198>397 bh_lcf_score0<1.6977,bh_lcf_score0<3.0004,bh_lcf_score0<2.3013,ctr_real_thirty<0.146651,bh_scls_mt_classes_cos<0.0124831,bh_lcf_score0<1.9758,cp_ulevel_3<2.0,imp_thirty<3754.0 -0.00642281
0>2>5>12>26>53>107>216>433 bh_lcf_score0<1.6977,bh_lcf_score0<3.0004,bh_lcf_score0<2.3013,bh_scls_mt_classes_cos<0.028644,cp_ulevel_3<2.0,bh_lcf_score0<2.6165,ctr_real_thirty<0.131701,bh_lcf_score0<2.4137 -0.00646666
0>2>5>11>24>50>101>204>410 bh_lcf_score0<1.6977,bh_lcf_score0<3.0004,bh_lcf_score0<2.3013,ctr_real_thirty<0.146651,bh_lcf_score0<1.9758,bh_scls_mt_classes_cos<0.0418283,imp_48h<6288.0,cp_ulevel_3<2.0 -0.00653673
0>2>5>12>25>52>105>211>423 bh_lcf_score0<1.6977,bh_lcf_score0<3.0004,bh_lcf_score0<2.3013,bh_scls_mt_classes_cos<0.028644,ctr_real_thirty<0.137416,bh_lcf_score0<2.6662,imp_36h<5940.0,ctr_real_8h<0.276697 -0.00656846
0>2>5>12>26>53>107>215>432 bh_lcf_score0<1.6977,bh_lcf_score0<3.0004,bh_lcf_score0<2.3013,bh_scls_mt_classes_cos<0.028644,cp_ulevel_3<2.0,bh_lcf_score0<2.6165,ctr_real_thirty<0.131701,bh_lcf_score0<2.4137 -0.00663003
0>2>6>14>29>59>119>240>481 bh_lcf_score0<1.6977,bh_lcf_score0<3.0004,bh_lcf_score0<4.3199,bh_scls_mt_classes_cos<0.0146618,ctr_real_36h<0.0930672,bh_cls_mt_classes_cos<0.00593997,bh_rtclasses_mt_classes_cos<0.0970645,cp_ulevel_3<2.0 -0.00664221
0>2>5>11>24>50>102>205>412 bh_lcf_score0<1.6977,bh_lcf_score0<3.0004,bh_lcf_score0<2.3013,ctr_real_thirty<0.146651,bh_lcf_score0<1.9758,bh_scls_mt_classes_cos<0.0418283,cp_ulevel_3<2.0,bh_lcf_score0<2.1124 -0.0068055
0>2>5>12>25>51>103>207>416 bh_lcf_score0<1.6977,bh_lcf_score0<3.0004,bh_lcf_score0<2.3013,bh_scls_mt_classes_cos<0.028644,ctr_real_thirty<0.137416,bh_cls_mt_classes_cos<0.00377388,ctr_real_48h<0.0936607,bh_rtclasses_mt_classes_cos<0.0888373 -0.00688246
0>2>5>12>25>51>104>210>421 bh_lcf_score0<1.6977,bh_lcf_score0<3.0004,bh_lcf_score0<2.3013,bh_scls_mt_classes_cos<0.028644,ctr_real_thirty<0.137416,bh_cls_mt_classes_cos<0.00377388,bh_lcf_score0<2.6165,clk_biased_48h<161.63 -0.00701408
0>2>5>11>24>49>100>202>405 bh_lcf_score0<1.6977,bh_lcf_score0<3.0004,bh_lcf_score0<2.3013,ctr_real_thirty<0.146651,bh_lcf_score0<1.9758,bh_scls_mt_classes_cos<0.032054,cp_ulevel_3<2.0,clk_real_8h<2334.0 -0.00714858
0>2>5>12>26>54>109>219>440 bh_lcf_score0<1.6977,bh_lcf_score0<3.0004,bh_lcf_score0<2.3013,bh_scls_mt_classes_cos<0.028644,cp_ulevel_3<2.0,bh_lcf_score0<2.6165,ctr_real_sixty<0.152227,imp_thirty<2633.0 -0.0072868
0>2>5>12>26>53>107>215>431 bh_lcf_score0<1.6977,bh_lcf_score0<3.0004,bh_lcf_score0<2.3013,bh_scls_mt_classes_cos<0.028644,cp_ulevel_3<2.0,bh_lcf_score0<2.6165,ctr_real_thirty<0.131701,bh_lcf_score0<2.4137 -0.00733296
0>1>3>8>18>38>78>158>317 bh_lcf_score0<1.6977,bh_lcf_score0<0.885399,mt_img_count_show<2.0,bh_dssm_score<0.601599,ctr_real_4h<0.116985,cp_ulevel_3<2.0,ctr_real_4h<0.176576,mt_vty_0<2.0 -0.0073369
0>2>5>11>24>50>102>205>411 bh_lcf_score0<1.6977,bh_lcf_score0<3.0004,bh_lcf_score0<2.3013,ctr_real_thirty<0.146651,bh_lcf_score0<1.9758,bh_scls_mt_classes_cos<0.0418283,cp_ulevel_3<2.0,bh_lcf_score0<2.1124 -0.00746041
0>2>5>11>23>48>98>197>396 bh_lcf_score0<1.6977,bh_lcf_score0<3.0004,bh_lcf_score0<2.3013,ctr_real_thirty<0.146651,bh_scls_mt_classes_cos<0.0124831,bh_lcf_score0<1.9758,cp_ulevel_3<2.0,ctr_biased_48h<0.19266 -0.00754354
0>2>5>12>25>52>105>212>426 bh_lcf_score0<1.6977,bh_lcf_score0<3.0004,bh_lcf_score0<2.3013,bh_scls_mt_classes_cos<0.028644,ctr_real_thirty<0.137416,bh_lcf_score0<2.6662,imp_36h<5940.0,imp_thirty<8881.0 -0.00757114
0>2>5>12>25>51>104>209>419 bh_lcf_score0<1.6977,bh_lcf_score0<3.0004,bh_lcf_score0<2.3013,bh_scls_mt_classes_cos<0.028644,ctr_real_thirty<0.137416,bh_cls_mt_classes_cos<0.00377388,bh_lcf_score0<2.6165,imp_thirty<2088.0 -0.00759593
0>2>5>11>24>50>101>204>409 bh_lcf_score0<1.6977,bh_lcf_score0<3.0004,bh_lcf_score0<2.3013,ctr_real_thirty<0.146651,bh_lcf_score0<1.9758,bh_scls_mt_classes_cos<0.0418283,imp_48h<6288.0,cp_ulevel_3<2.0 -0.007627
0>1>3>7>15>32>65>132>266 bh_lcf_score0<1.6977,bh_lcf_score0<0.885399,mt_img_count_show<2.0,bh_lcf_score0<0.372699,clk_real_16h<1276.0,mt_app_type_2880<2.0,ctr_real_thirty<0.117056,bh_scls_mt_classes_cos<0.00148243 -0.00765846
0>2>5>11>24>50>101>203>407 bh_lcf_score0<1.6977,bh_lcf_score0<3.0004,bh_lcf_score0<2.3013,ctr_real_thirty<0.146651,bh_lcf_score0<1.9758,bh_scls_mt_classes_cos<0.0418283,imp_48h<6288.0,ctr_real_16h<0.260521 -0.00772981
0>1>4>10>22>46>94>189>380 bh_lcf_score0<1.6977,bh_lcf_score0<0.885399,bh_lcf_score0<1.2744,ctr_real_thirty<0.143712,bh_cls_mt_classes_cos<0.0551368,clk_real_8h<2334.0,imp_thirty<8881.0,cp_ulevel_3<2.0 -0.00775569
0>2>5>11>24>49>100>201>404 bh_lcf_score0<1.6977,bh_lcf_score0<3.0004,bh_lcf_score0<2.3013,ctr_real_thirty<0.146651,bh_lcf_score0<1.9758,bh_scls_mt_classes_cos<0.032054,cp_ulevel_3<2.0,clk_real_2h<498.0 -0.00778723
0>2>5>11>24>49>99>200>401 bh_lcf_score0<1.6977,bh_lcf_score0<3.0004,bh_lcf_score0<2.3013,ctr_real_thirty<0.146651,bh_lcf_score0<1.9758,bh_scls_mt_classes_cos<0.032054,imp_36h<6465.0,imp_thirty<5100.0 -0.00782416
0>2>5>12>25>51>103>208>417 bh_lcf_score0<1.6977,bh_lcf_score0<3.0004,bh_lcf_score0<2.3013,bh_scls_mt_classes_cos<0.028644,ctr_real_thirty<0.137416,bh_cls_mt_classes_cos<0.00377388,ctr_real_48h<0.0936607,imp_thirty<1301.0 -0.0078674
0>2>5>11>23>48>97>195>392 bh_lcf_score0<1.6977,bh_lcf_score0<3.0004,bh_lcf_score0<2.3013,ctr_real_thirty<0.146651,bh_scls_mt_classes_cos<0.0124831,bh_lcf_score0<1.9758,imp_thirty<3754.0,cp_ulevel_3<2.0 -0.00793101
0>2>6>13>27>55>111>224>450 bh_lcf_score0<1.6977,bh_lcf_score0<3.0004,bh_lcf_score0<4.3199,bh_lcf_score0<3.4859,bh_scls_mt_classes_cos<0.0178082,ctr_real_sixty<0.123929,ctr_real_48h<0.0797453,imp_thirty<1445.0 -0.00795975
0>1>3>8>18>38>77>156>314 bh_lcf_score0<1.6977,bh_lcf_score0<0.885399,mt_img_count_show<2.0,bh_dssm_score<0.601599,ctr_real_4h<0.116985,cp_ulevel_3<2.0,ctr_real_4h<0.176576,ctr_real_4h<0.224753 -0.00820974
0>2>5>11>23>48>98>197>395 bh_lcf_score0<1.6977,bh_lcf_score0<3.0004,bh_lcf_score0<2.3013,ctr_real_thirty<0.146651,bh_scls_mt_classes_cos<0.0124831,bh_lcf_score0<1.9758,cp_ulevel_3<2.0,ctr_biased_48h<0.19266 -0.00834084
0>2>5>11>23>47>95>192>386 bh_lcf_score0<1.6977,bh_lcf_score0<3.0004,bh_lcf_score0<2.3013,ctr_real_thirty<0.146651,bh_scls_mt_classes_cos<0.0124831,imp_thirty<2633.0,clk_real_48h<153.0,bh_lcf_score0<1.9758 -0.00848073
0>2>5>12>25>52>105>211>424 bh_lcf_score0<1.6977,bh_lcf_score0<3.0004,bh_lcf_score0<2.3013,bh_scls_mt_classes_cos<0.028644,ctr_real_thirty<0.137416,bh_lcf_score0<2.6662,imp_36h<5940.0,ctr_real_8h<0.276697 -0.00855827
0>2>5>11>24>49>100>201>403 bh_lcf_score0<1.6977,bh_lcf_score0<3.0004,bh_lcf_score0<2.3013,ctr_real_thirty<0.146651,bh_lcf_score0<1.9758,bh_scls_mt_classes_cos<0.032054,cp_ulevel_3<2.0,clk_real_2h<498.0 -0.00858617
0>1>3>8>18>38>78>157>316 bh_lcf_score0<1.6977,bh_lcf_score0<0.885399,mt_img_count_show<2.0,bh_dssm_score<0.601599,ctr_real_4h<0.116985,cp_ulevel_3<2.0,ctr_real_4h<0.176576,bh_dssm_score<0.686499 -0.00888176
0>1>4>10>21>43>88>178>358 bh_lcf_score0<1.6977,bh_lcf_score0<0.885399,bh_lcf_score0<1.2744,ctr_real_thirty<0.143712,imp_thirty<2633.0,bh_scls_mt_classes_cos<0.0178082,cp_ulevel_3<2.0,bh_lcf_score0<1.4862 -0.00894682
0>1>4>10>22>46>94>190>381 bh_lcf_score0<1.6977,bh_lcf_score0<0.885399,bh_lcf_score0<1.2744,ctr_real_thirty<0.143712,bh_cls_mt_classes_cos<0.0551368,clk_real_8h<2334.0,imp_thirty<8881.0,mt_img_count_show<5.0 -0.00908375
0>1>4>10>22>46>93>188>377 bh_lcf_score0<1.6977,bh_lcf_score0<0.885399,bh_lcf_score0<1.2744,ctr_real_thirty<0.143712,bh_cls_mt_classes_cos<0.0551368,clk_real_8h<2334.0,bh_lcf_score0<1.4862,imp_thirty<5100.0 -0.00908997
0>1>4>10>22>46>94>189>379 bh_lcf_score0<1.6977,bh_lcf_score0<0.885399,bh_lcf_score0<1.2744,ctr_real_thirty<0.143712,bh_cls_mt_classes_cos<0.0551368,clk_real_8h<2334.0,imp_thirty<8881.0,cp_ulevel_3<2.0 -0.00910062
0>2>5>11>24>49>99>200>402 bh_lcf_score0<1.6977,bh_lcf_score0<3.0004,bh_lcf_score0<2.3013,ctr_real_thirty<0.146651,bh_lcf_score0<1.9758,bh_scls_mt_classes_cos<0.032054,imp_36h<6465.0,imp_thirty<5100.0 -0.00926222
0>2>5>11>24>49>99>199>399 bh_lcf_score0<1.6977,bh_lcf_score0<3.0004,bh_lcf_score0<2.3013,ctr_real_thirty<0.146651,bh_lcf_score0<1.9758,bh_scls_mt_classes_cos<0.032054,imp_36h<6465.0,ctr_real_8h<0.258386 -0.00927466
0>2>5>11>23>48>97>195>391 bh_lcf_score0<1.6977,bh_lcf_score0<3.0004,bh_lcf_score0<2.3013,ctr_real_thirty<0.146651,bh_scls_mt_classes_cos<0.0124831,bh_lcf_score0<1.9758,imp_thirty<3754.0,cp_ulevel_3<2.0 -0.009334
0>1>4>10>22>45>92>185>372 bh_lcf_score0<1.6977,bh_lcf_score0<0.885399,bh_lcf_score0<1.2744,ctr_real_thirty<0.143712,bh_cls_mt_classes_cos<0.0551368,imp_48h<3395.0,imp_thirty<5100.0,bh_lcf_score0<1.4551 -0.0093442
0>2>6>13>28>57>115>231>463 bh_lcf_score0<1.6977,bh_lcf_score0<3.0004,bh_lcf_score0<4.3199,bh_lcf_score0<3.4859,bh_scls_mt_classes_cos<0.0178082,ctr_real_48h<0.0936607,bh_cls_mt_classes_cos<0.00593997,bh_rtclasses_mt_classes_cos<0.0846672 -0.00950064
0>2>5>11>24>50>101>203>408 bh_lcf_score0<1.6977,bh_lcf_score0<3.0004,bh_lcf_score0<2.3013,ctr_real_thirty<0.146651,bh_lcf_score0<1.9758,bh_scls_mt_classes_cos<0.0418283,imp_48h<6288.0,ctr_real_16h<0.260521 -0.00953531
0>2>5>11>23>47>95>192>385 bh_lcf_score0<1.6977,bh_lcf_score0<3.0004,bh_lcf_score0<2.3013,ctr_real_thirty<0.146651,bh_scls_mt_classes_cos<0.0124831,imp_thirty<2633.0,clk_real_48h<153.0,bh_lcf_score0<1.9758 -0.00967021
0>1>4>9>20>42>86>174>350 bh_lcf_score0<1.6977,bh_lcf_score0<0.885399,bh_lcf_score0<1.2744,clk_real_48h<630.0,ctr_real_thirty<0.162235,bh_cls_mt_classes_cos<0.101789,bh_lcf_score0<1.0198,cp_ulevel_3<2.0 -0.00985202
0>1>4>10>22>46>93>187>375 bh_lcf_score0<1.6977,bh_lcf_score0<0.885399,bh_lcf_score0<1.2744,ctr_real_thirty<0.143712,bh_cls_mt_classes_cos<0.0551368,clk_real_8h<2334.0,bh_lcf_score0<1.4862,imp_thirty<2633.0 -0.00986024
0>1>3>8>18>37>75>152>305 bh_lcf_score0<1.6977,bh_lcf_score0<0.885399,mt_img_count_show<2.0,bh_dssm_score<0.601599,ctr_real_4h<0.116985,imp_48h<30.0,bh_rtlabel_mt_labels_cos<0.009999,bh_pctr<654.0 -0.00987208
0>2>5>12>25>51>104>209>420 bh_lcf_score0<1.6977,bh_lcf_score0<3.0004,bh_lcf_score0<2.3013,bh_scls_mt_classes_cos<0.028644,ctr_real_thirty<0.137416,bh_cls_mt_classes_cos<0.00377388,bh_lcf_score0<2.6165,imp_thirty<2088.0 -0.0099499
0>2>6>13>27>55>111>223>447 bh_lcf_score0<1.6977,bh_lcf_score0<3.0004,bh_lcf_score0<4.3199,bh_lcf_score0<3.4859,bh_scls_mt_classes_cos<0.0178082,ctr_real_sixty<0.123929,ctr_real_48h<0.0797453,bh_cls_mt_classes_cos<0.00817588 -0.00996017
0>2>5>11>23>48>98>198>398 bh_lcf_score0<1.6977,bh_lcf_score0<3.0004,bh_lcf_score0<2.3013,ctr_real_thirty<0.146651,bh_scls_mt_classes_cos<0.0124831,bh_lcf_score0<1.9758,cp_ulevel_3<2.0,imp_thirty<3754.0 -0.00997393
0>1>4>10>22>45>91>184>370 bh_lcf_score0<1.6977,bh_lcf_score0<0.885399,bh_lcf_score0<1.2744,ctr_real_thirty<0.143712,bh_cls_mt_classes_cos<0.0551368,imp_48h<3395.0,bh_scls_mt_classes_cos<0.00148243,bh_lcf_score0<1.4862 -0.0100445
0>2>5>12>25>51>103>208>418 bh_lcf_score0<1.6977,bh_lcf_score0<3.0004,bh_lcf_score0<2.3013,bh_scls_mt_classes_cos<0.028644,ctr_real_thirty<0.137416,bh_cls_mt_classes_cos<0.00377388,ctr_real_48h<0.0936607,imp_thirty<1301.0 -0.0100498
0>1>4>10>21>43>88>178>357 bh_lcf_score0<1.6977,bh_lcf_score0<0.885399,bh_lcf_score0<1.2744,ctr_real_thirty<0.143712,imp_thirty<2633.0,bh_scls_mt_classes_cos<0.0178082,cp_ulevel_3<2.0,bh_lcf_score0<1.4862 -0.010103
0>2>5>11>23>47>95>191>384 bh_lcf_score0<1.6977,bh_lcf_score0<3.0004,bh_lcf_score0<2.3013,ctr_real_thirty<0.146651,bh_scls_mt_classes_cos<0.0124831,imp_thirty<2633.0,clk_real_48h<153.0,bh_cls_mt_classes_cos<0.00164484 -0.0101745
0>2>5>12>26>54>110>222>446 bh_lcf_score0<1.6977,bh_lcf_score0<3.0004,bh_lcf_score0<2.3013,bh_scls_mt_classes_cos<0.028644,cp_ulevel_3<2.0,bh_lcf_score0<2.6165,bh_scls_mt_classes_cos<0.793035,imp_thirty<5100.0 -0.010208
0>1>4>10>21>43>88>177>356 bh_lcf_score0<1.6977,bh_lcf_score0<0.885399,bh_lcf_score0<1.2744,ctr_real_thirty<0.143712,imp_thirty<2633.0,bh_scls_mt_classes_cos<0.0178082,cp_ulevel_3<2.0,bh_lcf_score0<1.4862 -0.0102722
0>1>4>10>21>44>89>180>362 bh_lcf_score0<1.6977,bh_lcf_score0<0.885399,bh_lcf_score0<1.2744,ctr_real_thirty<0.143712,imp_thirty<2633.0,ctr_real_thirty<0.0974578,bh_scls_mt_classes_cos<0.0146618,bh_comment_count<26.0 -0.0102773
0>1>4>10>22>45>92>185>371 bh_lcf_score0<1.6977,bh_lcf_score0<0.885399,bh_lcf_score0<1.2744,ctr_real_thirty<0.143712,bh_cls_mt_classes_cos<0.0551368,imp_48h<3395.0,imp_thirty<5100.0,bh_lcf_score0<1.4551 -0.0103198
0>1>4>10>21>43>87>176>354 bh_lcf_score0<1.6977,bh_lcf_score0<0.885399,bh_lcf_score0<1.2744,ctr_real_thirty<0.143712,imp_thirty<2633.0,bh_scls_mt_classes_cos<0.0178082,clk_real_48h<296.0,bh_lcf_score0<1.4862 -0.0103241
0>1>3>8>18>38>78>157>315 bh_lcf_score0<1.6977,bh_lcf_score0<0.885399,mt_img_count_show<2.0,bh_dssm_score<0.601599,ctr_real_4h<0.116985,cp_ulevel_3<2.0,ctr_real_4h<0.176576,bh_dssm_score<0.686499 -0.0103556
0>2>5>12>25>52>106>213>428 bh_lcf_score0<1.6977,bh_lcf_score0<3.0004,bh_lcf_score0<2.3013,bh_scls_mt_classes_cos<0.028644,ctr_real_thirty<0.137416,bh_lcf_score0<2.6662,imp_16h<3900.0,clk_real_4h<1094.0 -0.0103608
0>2>6>14>30>61>124>249>499 bh_lcf_score0<1.6977,bh_lcf_score0<3.0004,bh_lcf_score0<4.3199,bh_scls_mt_classes_cos<0.0146618,cp_ulevel_3<2.0,bh_conn_type_2<2.0,bh_cls_mt_classes_cos<0.0242637,clk_real_16h<7.0 -0.0104396
0>1>4>10>22>46>93>188>378 bh_lcf_score0<1.6977,bh_lcf_score0<0.885399,bh_lcf_score0<1.2744,ctr_real_thirty<0.143712,bh_cls_mt_classes_cos<0.0551368,clk_real_8h<2334.0,bh_lcf_score0<1.4862,imp_thirty<5100.0 -0.0104728
0>1>4>10>22>45>92>186>374 bh_lcf_score0<1.6977,bh_lcf_score0<0.885399,bh_lcf_score0<1.2744,ctr_real_thirty<0.143712,bh_cls_mt_classes_cos<0.0551368,imp_48h<3395.0,imp_thirty<5100.0,ctr_real_thirty<0.177093 -0.0104741
0>2>5>11>23>48>97>196>394 bh_lcf_score0<1.6977,bh_lcf_score0<3.0004,bh_lcf_score0<2.3013,ctr_real_thirty<0.146651,bh_scls_mt_classes_cos<0.0124831,bh_lcf_score0<1.9758,imp_thirty<3754.0,ctr_real_sixty<0.102608 -0.0105741
0>1>3>8>17>36>73>148>298 bh_lcf_score0<1.6977,bh_lcf_score0<0.885399,mt_img_count_show<2.0,bh_dssm_score<0.601599,ctr_real_sixty<0.123929,lcf_tag_0<2.0,cp_ulevel_3<2.0,bh_scls_mt_classes_cos<0.0368574 -0.0105825
0>1>4>9>20>42>86>174>349 bh_lcf_score0<1.6977,bh_lcf_score0<0.885399,bh_lcf_score0<1.2744,clk_real_48h<630.0,ctr_real_thirty<0.162235,bh_cls_mt_classes_cos<0.101789,bh_lcf_score0<1.0198,cp_ulevel_3<2.0 -0.0106432
0>1>3>8>18>38>77>156>313 bh_lcf_score0<1.6977,bh_lcf_score0<0.885399,mt_img_count_show<2.0,bh_dssm_score<0.601599,ctr_real_4h<0.116985,cp_ulevel_3<2.0,ctr_real_4h<0.176576,ctr_real_4h<0.224753 -0.0106506
0>2>5>11>24>49>99>199>400 bh_lcf_score0<1.6977,bh_lcf_score0<3.0004,bh_lcf_score0<2.3013,ctr_real_thirty<0.146651,bh_lcf_score0<1.9758,bh_scls_mt_classes_cos<0.032054,imp_36h<6465.0,ctr_real_8h<0.258386 -0.0106627
0>1>4>9>20>42>85>172>345 bh_lcf_score0<1.6977,bh_lcf_score0<0.885399,bh_lcf_score0<1.2744,clk_real_48h<630.0,ctr_real_thirty<0.162235,bh_cls_mt_classes_cos<0.101789,bh_lcf_score0<1.0449,bh_os_iphone<2.0 -0.0107805
0>1>4>9>20>42>86>173>348 bh_lcf_score0<1.6977,bh_lcf_score0<0.885399,bh_lcf_score0<1.2744,clk_real_48h<630.0,ctr_real_thirty<0.162235,bh_cls_mt_classes_cos<0.101789,bh_lcf_score0<1.0198,clk_real_4h<1313.0 -0.0108614
0>1>3>8>18>37>76>154>310 bh_lcf_score0<1.6977,bh_lcf_score0<0.885399,mt_img_count_show<2.0,bh_dssm_score<0.601599,ctr_real_4h<0.116985,imp_48h<30.0,ctr_real_36h<0.100875,cp_ulevel_3<2.0 -0.0108888
0>1>4>10>22>46>93>187>376 bh_lcf_score0<1.6977,bh_lcf_score0<0.885399,bh_lcf_score0<1.2744,ctr_real_thirty<0.143712,bh_cls_mt_classes_cos<0.0551368,clk_real_8h<2334.0,bh_lcf_score0<1.4862,imp_thirty<2633.0 -0.0109695
0>1>4>10>22>45>91>184>369 bh_lcf_score0<1.6977,bh_lcf_score0<0.885399,bh_lcf_score0<1.2744,ctr_real_thirty<0.143712,bh_cls_mt_classes_cos<0.0551368,imp_48h<3395.0,bh_scls_mt_classes_cos<0.00148243,bh_lcf_score0<1.4862 -0.011031
0>2>5>11>23>47>96>194>389 bh_lcf_score0<1.6977,bh_lcf_score0<3.0004,bh_lcf_score0<2.3013,ctr_real_thirty<0.146651,bh_scls_mt_classes_cos<0.0124831,imp_thirty<2633.0,ctr_real_thirty<0.100226,imp_thirty<8881.0 -0.0111259
0>1>4>10>21>43>88>177>355 bh_lcf_score0<1.6977,bh_lcf_score0<0.885399,bh_lcf_score0<1.2744,ctr_real_thirty<0.143712,imp_thirty<2633.0,bh_scls_mt_classes_cos<0.0178082,cp_ulevel_3<2.0,bh_lcf_score0<1.4862 -0.0111339
0>1>4>10>21>43>87>176>353 bh_lcf_score0<1.6977,bh_lcf_score0<0.885399,bh_lcf_score0<1.2744,ctr_real_thirty<0.143712,imp_thirty<2633.0,bh_scls_mt_classes_cos<0.0178082,clk_real_48h<296.0,bh_lcf_score0<1.4862 -0.0112298
0>1>3>8>18>37>75>151>304 bh_lcf_score0<1.6977,bh_lcf_score0<0.885399,mt_img_count_show<2.0,bh_dssm_score<0.601599,ctr_real_4h<0.116985,imp_48h<30.0,bh_rtlabel_mt_labels_cos<0.009999,bh_dssm_score<0.686499 -0.0112366
0>1>4>10>22>46>94>190>382 bh_lcf_score0<1.6977,bh_lcf_score0<0.885399,bh_lcf_score0<1.2744,ctr_real_thirty<0.143712,bh_cls_mt_classes_cos<0.0551368,clk_real_8h<2334.0,imp_thirty<8881.0,mt_img_count_show<5.0 -0.0112868
0>1>4>9>20>41>83>168>338 bh_lcf_score0<1.6977,bh_lcf_score0<0.885399,bh_lcf_score0<1.2744,clk_real_48h<630.0,ctr_real_thirty<0.162235,imp_thirty<2633.0,bh_lcf_score0<1.0913,ctr_real_36h<0.0684474 -0.0113237
0>1>3>8>18>38>77>155>311 bh_lcf_score0<1.6977,bh_lcf_score0<0.885399,mt_img_count_show<2.0,bh_dssm_score<0.601599,ctr_real_4h<0.116985,cp_ulevel_3<2.0,ctr_real_4h<0.176576,bh_os_iphone<2.0 -0.0114225
0>1>4>9>19>40>82>165>332 bh_lcf_score0<1.6977,bh_lcf_score0<0.885399,bh_lcf_score0<1.2744,clk_real_48h<630.0,bh_cls_mt_classes_cos<0.0104317,bh_lcf_score0<1.0913,imp_thirty<1445.0,ctr_real_thirty<0.107425 -0.0114317
0>1>4>9>20>42>85>172>346 bh_lcf_score0<1.6977,bh_lcf_score0<0.885399,bh_lcf_score0<1.2744,clk_real_48h<630.0,ctr_real_thirty<0.162235,bh_cls_mt_classes_cos<0.101789,bh_lcf_score0<1.0449,bh_os_iphone<2.0 -0.0115511
0>1>4>10>22>45>91>183>367 bh_lcf_score0<1.6977,bh_lcf_score0<0.885399,bh_lcf_score0<1.2744,ctr_real_thirty<0.143712,bh_cls_mt_classes_cos<0.0551368,imp_48h<3395.0,bh_scls_mt_classes_cos<0.00148243,clk_real_2h<299.0 -0.0115709
0>1>4>9>19>40>81>163>327 bh_lcf_score0<1.6977,bh_lcf_score0<0.885399,bh_lcf_score0<1.2744,clk_real_48h<630.0,bh_cls_mt_classes_cos<0.0104317,bh_lcf_score0<1.0913,imp_thirty<807.0,cp_pst_15<2.0 -0.0115768
0>1>3>7>15>32>65>132>265 bh_lcf_score0<1.6977,bh_lcf_score0<0.885399,mt_img_count_show<2.0,bh_lcf_score0<0.372699,clk_real_16h<1276.0,mt_app_type_2880<2.0,ctr_real_thirty<0.117056,bh_scls_mt_classes_cos<0.00148243 -0.0115919
0>1>4>9>20>42>86>173>347 bh_lcf_score0<1.6977,bh_lcf_score0<0.885399,bh_lcf_score0<1.2744,clk_real_48h<630.0,ctr_real_thirty<0.162235,bh_cls_mt_classes_cos<0.101789,bh_lcf_score0<1.0198,clk_real_4h<1313.0 -0.0116014
0>1>4>10>21>44>90>182>365 bh_lcf_score0<1.6977,bh_lcf_score0<0.885399,bh_lcf_score0<1.2744,ctr_real_thirty<0.143712,imp_thirty<2633.0,ctr_real_thirty<0.0974578,bh_scls_mt_classes_cos<0.0067233,clk_real_thirty<914.0 -0.0116025
0>2>5>11>23>47>96>193>388 bh_lcf_score0<1.6977,bh_lcf_score0<3.0004,bh_lcf_score0<2.3013,ctr_real_thirty<0.146651,bh_scls_mt_classes_cos<0.0124831,imp_thirty<2633.0,ctr_real_thirty<0.100226,ctr_biased_thirty<0.102445 -0.0116101
0>2>5>12>25>51>103>207>415 bh_lcf_score0<1.6977,bh_lcf_score0<3.0004,bh_lcf_score0<2.3013,bh_scls_mt_classes_cos<0.028644,ctr_real_thirty<0.137416,bh_cls_mt_classes_cos<0.00377388,ctr_real_48h<0.0936607,bh_rtclasses_mt_classes_cos<0.0888373 -0.0116304
0>2>6>14>29>59>119>239>479 bh_lcf_score0<1.6977,bh_lcf_score0<3.0004,bh_lcf_score0<4.3199,bh_scls_mt_classes_cos<0.0146618,ctr_real_36h<0.0930672,bh_cls_mt_classes_cos<0.00593997,bh_rtclasses_mt_classes_cos<0.0970645,cp_pst_15<2.0 -0.0117446
0>1>4>9>20>42>85>171>343 bh_lcf_score0<1.6977,bh_lcf_score0<0.885399,bh_lcf_score0<1.2744,clk_real_48h<630.0,ctr_real_thirty<0.162235,bh_cls_mt_classes_cos<0.101789,bh_lcf_score0<1.0449,bh_os_iphone<2.0 -0.0117895
0>2>5>11>23>47>95>191>383 bh_lcf_score0<1.6977,bh_lcf_score0<3.0004,bh_lcf_score0<2.3013,ctr_real_thirty<0.146651,bh_scls_mt_classes_cos<0.0124831,imp_thirty<2633.0,clk_real_48h<153.0,bh_cls_mt_classes_cos<0.00164484 -0.0118335
0>1>4>10>21>43>87>175>352 bh_lcf_score0<1.6977,bh_lcf_score0<0.885399,bh_lcf_score0<1.2744,ctr_real_thirty<0.143712,imp_thirty<2633.0,bh_scls_mt_classes_cos<0.0178082,clk_real_48h<296.0,bh_cls_mt_classes_cos<0.00164484 -0.0118774
0>1>3>7>15>32>65>131>264 bh_lcf_score0<1.6977,bh_lcf_score0<0.885399,mt_img_count_show<2.0,bh_lcf_score0<0.372699,clk_real_16h<1276.0,mt_app_type_2880<2.0,ctr_real_thirty<0.117056,bh_scls_mt_classes_cos<0.00148243 -0.0119012
0>1>4>9>20>41>84>170>342 bh_lcf_score0<1.6977,bh_lcf_score0<0.885399,bh_lcf_score0<1.2744,clk_real_48h<630.0,ctr_real_thirty<0.162235,imp_thirty<2633.0,ctr_real_thirty<0.128079,bh_cls_mt_classes_cos<0.0774179 -0.0120205
0>1>3>7>16>34>70>142>285 bh_lcf_score0<1.6977,bh_lcf_score0<0.885399,mt_img_count_show<2.0,bh_lcf_score0<0.372699,bh_lcf_score0<0.617099,clk_real_48h<1010.0,bh_cls_mt_classes_cos<0.113074,bh_conn_type_2<2.0 -0.0120967
0>1>4>9>19>40>82>165>331 bh_lcf_score0<1.6977,bh_lcf_score0<0.885399,bh_lcf_score0<1.2744,clk_real_48h<630.0,bh_cls_mt_classes_cos<0.0104317,bh_lcf_score0<1.0913,imp_thirty<1445.0,ctr_real_thirty<0.107425 -0.0121
0>1>4>9>19>39>80>161>324 bh_lcf_score0<1.6977,bh_lcf_score0<0.885399,bh_lcf_score0<1.2744,clk_real_48h<630.0,bh_cls_mt_classes_cos<0.0104317,ctr_biased_sixty<0.124033,bh_lcf_score0<1.0913,bh_rtclasses_mt_classes_cos<0.0846672 -0.0121684
0>1>4>9>20>41>83>167>336 bh_lcf_score0<1.6977,bh_lcf_score0<0.885399,bh_lcf_score0<1.2744,clk_real_48h<630.0,ctr_real_thirty<0.162235,imp_thirty<2633.0,bh_lcf_score0<1.0913,ctr_real_36h<0.049763 -0.0121901
0>1>3>8>17>35>72>145>292 bh_lcf_score0<1.6977,bh_lcf_score0<0.885399,mt_img_count_show<2.0,bh_dssm_score<0.601599,ctr_real_sixty<0.123929,bh_rtlabel_mt_labels_cos<0.009999,imp_48h<13.0,bh_scls_mt_classes_cos<0.255041 -0.012223
0>2>5>11>23>48>97>196>393 bh_lcf_score0<1.6977,bh_lcf_score0<3.0004,bh_lcf_score0<2.3013,ctr_real_thirty<0.146651,bh_scls_mt_classes_cos<0.0124831,bh_lcf_score0<1.9758,imp_thirty<3754.0,ctr_real_sixty<0.102608 -0.0122969
0>1>4>10>22>45>92>186>373 bh_lcf_score0<1.6977,bh_lcf_score0<0.885399,bh_lcf_score0<1.2744,ctr_real_thirty<0.143712,bh_cls_mt_classes_cos<0.0551368,imp_48h<3395.0,imp_thirty<5100.0,ctr_real_thirty<0.177093 -0.0124596
0>1>4>9>20>42>85>171>344 bh_lcf_score0<1.6977,bh_lcf_score0<0.885399,bh_lcf_score0<1.2744,clk_real_48h<630.0,ctr_real_thirty<0.162235,bh_cls_mt_classes_cos<0.101789,bh_lcf_score0<1.0449,bh_os_iphone<2.0 -0.0125578
0>1>3>8>17>36>73>148>297 bh_lcf_score0<1.6977,bh_lcf_score0<0.885399,mt_img_count_show<2.0,bh_dssm_score<0.601599,ctr_real_sixty<0.123929,lcf_tag_0<2.0,cp_ulevel_3<2.0,bh_scls_mt_classes_cos<0.0368574 -0.0126477
0>1>4>9>19>40>82>166>334 bh_lcf_score0<1.6977,bh_lcf_score0<0.885399,bh_lcf_score0<1.2744,clk_real_48h<630.0,bh_cls_mt_classes_cos<0.0104317,bh_lcf_score0<1.0913,imp_thirty<1445.0,ctr_real_thirty<0.0947976 -0.0126549
0>1>3>7>16>33>68>138>278 bh_lcf_score0<1.6977,bh_lcf_score0<0.885399,mt_img_count_show<2.0,bh_lcf_score0<0.372699,bh_lcf_score0<0.617099,clk_real_48h<1146.0,bh_cls_mt_classes_cos<0.227879,clk_biased_24h<2353.6 -0.0127133
0>1>3>8>17>36>73>147>296 bh_lcf_score0<1.6977,bh_lcf_score0<0.885399,mt_img_count_show<2.0,bh_dssm_score<0.601599,ctr_real_sixty<0.123929,lcf_tag_0<2.0,cp_ulevel_3<2.0,bh_scls_mt_classes_cos<0.233765 -0.0127138
0>1>3>8>18>38>77>155>312 bh_lcf_score0<1.6977,bh_lcf_score0<0.885399,mt_img_count_show<2.0,bh_dssm_score<0.601599,ctr_real_4h<0.116985,cp_ulevel_3<2.0,ctr_real_4h<0.176576,bh_os_iphone<2.0 -0.0127511
0>1>4>10>21>44>90>181>364 bh_lcf_score0<1.6977,bh_lcf_score0<0.885399,bh_lcf_score0<1.2744,ctr_real_thirty<0.143712,imp_thirty<2633.0,ctr_real_thirty<0.0974578,bh_scls_mt_classes_cos<0.0067233,ctr_biased_thirty<0.135182 -0.0127581
0>1>4>9>19>39>80>162>325 bh_lcf_score0<1.6977,bh_lcf_score0<0.885399,bh_lcf_score0<1.2744,clk_real_48h<630.0,bh_cls_mt_classes_cos<0.0104317,ctr_biased_sixty<0.124033,bh_lcf_score0<1.0913,imp_thirty<2088.0 -0.0127727
0>1>3>8>17>35>72>146>294 bh_lcf_score0<1.6977,bh_lcf_score0<0.885399,mt_img_count_show<2.0,bh_dssm_score<0.601599,ctr_real_sixty<0.123929,bh_rtlabel_mt_labels_cos<0.009999,imp_48h<13.0,ctr_biased_48h<0.130102 -0.0127834
0>1>4>10>22>45>91>183>368 bh_lcf_score0<1.6977,bh_lcf_score0<0.885399,bh_lcf_score0<1.2744,ctr_real_thirty<0.143712,bh_cls_mt_classes_cos<0.0551368,imp_48h<3395.0,bh_scls_mt_classes_cos<0.00148243,clk_real_2h<299.0 -0.0127838
0>1>4>9>19>40>81>163>328 bh_lcf_score0<1.6977,bh_lcf_score0<0.885399,bh_lcf_score0<1.2744,clk_real_48h<630.0,bh_cls_mt_classes_cos<0.0104317,bh_lcf_score0<1.0913,imp_thirty<807.0,cp_pst_15<2.0 -0.0127966
0>2>5>11>23>47>96>194>390 bh_lcf_score0<1.6977,bh_lcf_score0<3.0004,bh_lcf_score0<2.3013,ctr_real_thirty<0.146651,bh_scls_mt_classes_cos<0.0124831,imp_thirty<2633.0,ctr_real_thirty<0.100226,imp_thirty<8881.0 -0.0128453
0>1>3>8>18>37>75>151>303 bh_lcf_score0<1.6977,bh_lcf_score0<0.885399,mt_img_count_show<2.0,bh_dssm_score<0.601599,ctr_real_4h<0.116985,imp_48h<30.0,bh_rtlabel_mt_labels_cos<0.009999,bh_dssm_score<0.686499 -0.0129637
0>1>3>8>18>37>76>154>309 bh_lcf_score0<1.6977,bh_lcf_score0<0.885399,mt_img_count_show<2.0,bh_dssm_score<0.601599,ctr_real_4h<0.116985,imp_48h<30.0,ctr_real_36h<0.100875,cp_ulevel_3<2.0 -0.0129819
0>1>4>10>21>44>90>182>366 bh_lcf_score0<1.6977,bh_lcf_score0<0.885399,bh_lcf_score0<1.2744,ctr_real_thirty<0.143712,imp_thirty<2633.0,ctr_real_thirty<0.0974578,bh_scls_mt_classes_cos<0.0067233,clk_real_thirty<914.0 -0.0129993
0>1>4>10>21>43>87>175>351 bh_lcf_score0<1.6977,bh_lcf_score0<0.885399,bh_lcf_score0<1.2744,ctr_real_thirty<0.143712,imp_thirty<2633.0,bh_scls_mt_classes_cos<0.0178082,clk_real_48h<296.0,bh_cls_mt_classes_cos<0.00164484 -0.0130104
0>1>4>9>19>39>79>159>320 bh_lcf_score0<1.6977,bh_lcf_score0<0.885399,bh_lcf_score0<1.2744,clk_real_48h<630.0,bh_cls_mt_classes_cos<0.0104317,ctr_biased_sixty<0.124033,imp_thirty<68.0,clk_biased_48h<83.83 -0.013036
0>1>3>8>17>36>74>150>302 bh_lcf_score0<1.6977,bh_lcf_score0<0.885399,mt_img_count_show<2.0,bh_dssm_score<0.601599,ctr_real_sixty<0.123929,lcf_tag_0<2.0,bh_lcf_score0<0.535999,bh_lcf_score0<0.700599 -0.0131103
0>1>3>7>16>34>70>141>284 bh_lcf_score0<1.6977,bh_lcf_score0<0.885399,mt_img_count_show<2.0,bh_lcf_score0<0.372699,bh_lcf_score0<0.617099,clk_real_48h<1010.0,bh_cls_mt_classes_cos<0.113074,ctr_real_24h<0.0617919 -0.0131736
0>1>3>7>15>32>66>134>270 bh_lcf_score0<1.6977,bh_lcf_score0<0.885399,mt_img_count_show<2.0,bh_lcf_score0<0.372699,clk_real_16h<1276.0,mt_app_type_2880<2.0,cp_ulevel_3<2.0,bh_scls_mt_classes_cos<0.116767 -0.0132108
0>1>3>8>18>37>76>153>308 bh_lcf_score0<1.6977,bh_lcf_score0<0.885399,mt_img_count_show<2.0,bh_dssm_score<0.601599,ctr_real_4h<0.116985,imp_48h<30.0,ctr_real_36h<0.100875,cp_ulevel_3<2.0 -0.0132604
0>1>4>9>20>41>84>170>341 bh_lcf_score0<1.6977,bh_lcf_score0<0.885399,bh_lcf_score0<1.2744,clk_real_48h<630.0,ctr_real_thirty<0.162235,imp_thirty<2633.0,ctr_real_thirty<0.128079,bh_cls_mt_classes_cos<0.0774179 -0.0133545
0>1>4>9>19>40>81>164>330 bh_lcf_score0<1.6977,bh_lcf_score0<0.885399,bh_lcf_score0<1.2744,clk_real_48h<630.0,bh_cls_mt_classes_cos<0.0104317,bh_lcf_score0<1.0913,imp_thirty<807.0,clk_real_8h<80.0 -0.0133869
0>1>3>7>16>34>70>142>286 bh_lcf_score0<1.6977,bh_lcf_score0<0.885399,mt_img_count_show<2.0,bh_lcf_score0<0.372699,bh_lcf_score0<0.617099,clk_real_48h<1010.0,bh_cls_mt_classes_cos<0.113074,bh_conn_type_2<2.0 -0.0134098
0>1>3>7>15>31>64>129>260 bh_lcf_score0<1.6977,bh_lcf_score0<0.885399,mt_img_count_show<2.0,bh_lcf_score0<0.372699,clk_real_16h<1276.0,bh_dssm_score<0.578899,mt_time_length<32.0,bh_dssm_score<0.686499 -0.0134106
0>1>3>7>16>34>69>139>280 bh_lcf_score0<1.6977,bh_lcf_score0<0.885399,mt_img_count_show<2.0,bh_lcf_score0<0.372699,bh_lcf_score0<0.617099,clk_real_48h<1010.0,imp_thirty<343.0,bh_scls_mt_classes_cos<0.0146618 -0.0134937
0>1>4>9>19>39>80>162>326 bh_lcf_score0<1.6977,bh_lcf_score0<0.885399,bh_lcf_score0<1.2744,clk_real_48h<630.0,bh_cls_mt_classes_cos<0.0104317,ctr_biased_sixty<0.124033,bh_lcf_score0<1.0913,imp_thirty<2088.0 -0.0135777
0>1>3>8>17>35>72>145>291 bh_lcf_score0<1.6977,bh_lcf_score0<0.885399,mt_img_count_show<2.0,bh_dssm_score<0.601599,ctr_real_sixty<0.123929,bh_rtlabel_mt_labels_cos<0.009999,imp_48h<13.0,bh_scls_mt_classes_cos<0.255041 -0.0136258
0>1>3>8>17>35>71>144>290 bh_lcf_score0<1.6977,bh_lcf_score0<0.885399,mt_img_count_show<2.0,bh_dssm_score<0.601599,ctr_real_sixty<0.123929,bh_rtlabel_mt_labels_cos<0.009999,cp_ulevel_3<2.0,bh_scls_mt_classes_cos<0.00952281 -0.0136399
0>1>3>7>16>33>68>138>277 bh_lcf_score0<1.6977,bh_lcf_score0<0.885399,mt_img_count_show<2.0,bh_lcf_score0<0.372699,bh_lcf_score0<0.617099,clk_real_48h<1146.0,bh_cls_mt_classes_cos<0.227879,clk_biased_24h<2353.6 -0.0137262
0>1>4>9>19>39>80>161>323 bh_lcf_score0<1.6977,bh_lcf_score0<0.885399,bh_lcf_score0<1.2744,clk_real_48h<630.0,bh_cls_mt_classes_cos<0.0104317,ctr_biased_sixty<0.124033,bh_lcf_score0<1.0913,bh_rtclasses_mt_classes_cos<0.0846672 -0.0137813
0>1>3>8>17>36>73>147>295 bh_lcf_score0<1.6977,bh_lcf_score0<0.885399,mt_img_count_show<2.0,bh_dssm_score<0.601599,ctr_real_sixty<0.123929,lcf_tag_0<2.0,cp_ulevel_3<2.0,bh_scls_mt_classes_cos<0.233765 -0.0138252
0>1>4>9>20>41>84>169>340 bh_lcf_score0<1.6977,bh_lcf_score0<0.885399,bh_lcf_score0<1.2744,clk_real_48h<630.0,ctr_real_thirty<0.162235,imp_thirty<2633.0,ctr_real_thirty<0.128079,bh_cls_mt_classes_cos<0.0412771 -0.0138265
0>1>4>10>21>44>90>181>363 bh_lcf_score0<1.6977,bh_lcf_score0<0.885399,bh_lcf_score0<1.2744,ctr_real_thirty<0.143712,imp_thirty<2633.0,ctr_real_thirty<0.0974578,bh_scls_mt_classes_cos<0.0067233,ctr_biased_thirty<0.135182 -0.0139135
0>1>4>9>20>41>83>168>337 bh_lcf_score0<1.6977,bh_lcf_score0<0.885399,bh_lcf_score0<1.2744,clk_real_48h<630.0,ctr_real_thirty<0.162235,imp_thirty<2633.0,bh_lcf_score0<1.0913,ctr_real_36h<0.0684474 -0.0139377
0>1>3>7>15>32>65>131>263 bh_lcf_score0<1.6977,bh_lcf_score0<0.885399,mt_img_count_show<2.0,bh_lcf_score0<0.372699,clk_real_16h<1276.0,mt_app_type_2880<2.0,ctr_real_thirty<0.117056,bh_scls_mt_classes_cos<0.00148243 -0.0139944
0>1>3>8>17>36>74>150>301 bh_lcf_score0<1.6977,bh_lcf_score0<0.885399,mt_img_count_show<2.0,bh_dssm_score<0.601599,ctr_real_sixty<0.123929,lcf_tag_0<2.0,bh_lcf_score0<0.535999,bh_lcf_score0<0.700599 -0.0140151
0>1>4>9>19>39>79>159>319 bh_lcf_score0<1.6977,bh_lcf_score0<0.885399,bh_lcf_score0<1.2744,clk_real_48h<630.0,bh_cls_mt_classes_cos<0.0104317,ctr_biased_sixty<0.124033,imp_thirty<68.0,clk_biased_48h<83.83 -0.0140519
0>1>3>7>16>33>68>137>275 bh_lcf_score0<1.6977,bh_lcf_score0<0.885399,mt_img_count_show<2.0,bh_lcf_score0<0.372699,bh_lcf_score0<0.617099,clk_real_48h<1146.0,bh_cls_mt_classes_cos<0.227879,imp_thirty<5100.0 -0.0140719
0>1>4>10>21>44>89>180>361 bh_lcf_score0<1.6977,bh_lcf_score0<0.885399,bh_lcf_score0<1.2744,ctr_real_thirty<0.143712,imp_thirty<2633.0,ctr_real_thirty<0.0974578,bh_scls_mt_classes_cos<0.0146618,bh_comment_count<26.0 -0.0141145
0>1>3>8>17>35>72>146>293 bh_lcf_score0<1.6977,bh_lcf_score0<0.885399,mt_img_count_show<2.0,bh_dssm_score<0.601599,ctr_real_sixty<0.123929,bh_rtlabel_mt_labels_cos<0.009999,imp_48h<13.0,ctr_biased_48h<0.130102 -0.0141312
0>1>4>9>19>39>79>160>322 bh_lcf_score0<1.6977,bh_lcf_score0<0.885399,bh_lcf_score0<1.2744,clk_real_48h<630.0,bh_cls_mt_classes_cos<0.0104317,ctr_biased_sixty<0.124033,imp_thirty<68.0,ctr_real_sixty<0.0835519 -0.0143556
0>2>5>11>23>47>96>193>387 bh_lcf_score0<1.6977,bh_lcf_score0<3.0004,bh_lcf_score0<2.3013,ctr_real_thirty<0.146651,bh_scls_mt_classes_cos<0.0124831,imp_thirty<2633.0,ctr_real_thirty<0.100226,ctr_biased_thirty<0.102445 -0.0144079
0>1>3>7>16>34>69>139>279 bh_lcf_score0<1.6977,bh_lcf_score0<0.885399,mt_img_count_show<2.0,bh_lcf_score0<0.372699,bh_lcf_score0<0.617099,clk_real_48h<1010.0,imp_thirty<343.0,bh_scls_mt_classes_cos<0.0146618 -0.0144623
0>1>3>7>16>33>67>136>273 bh_lcf_score0<1.6977,bh_lcf_score0<0.885399,mt_img_count_show<2.0,bh_lcf_score0<0.372699,bh_lcf_score0<0.617099,clk_real_48h<1146.0,bh_cls_mt_classes_cos<0.0602649,imp_thirty<262.0 -0.0145067
0>1>3>7>15>32>66>133>268 bh_lcf_score0<1.6977,bh_lcf_score0<0.885399,mt_img_count_show<2.0,bh_lcf_score0<0.372699,clk_real_16h<1276.0,mt_app_type_2880<2.0,cp_ulevel_3<2.0,bh_cls_mt_classes_cos<0.157402 -0.0146055
0>1>3>7>15>32>66>134>269 bh_lcf_score0<1.6977,bh_lcf_score0<0.885399,mt_img_count_show<2.0,bh_lcf_score0<0.372699,clk_real_16h<1276.0,mt_app_type_2880<2.0,cp_ulevel_3<2.0,bh_scls_mt_classes_cos<0.116767 -0.0146206
0>1>4>9>19>40>82>166>333 bh_lcf_score0<1.6977,bh_lcf_score0<0.885399,bh_lcf_score0<1.2744,clk_real_48h<630.0,bh_cls_mt_classes_cos<0.0104317,bh_lcf_score0<1.0913,imp_thirty<1445.0,ctr_real_thirty<0.0947976 -0.0146646
0>1>3>8>18>38>78>158>318 bh_lcf_score0<1.6977,bh_lcf_score0<0.885399,mt_img_count_show<2.0,bh_dssm_score<0.601599,ctr_real_4h<0.116985,cp_ulevel_3<2.0,ctr_real_4h<0.176576,mt_vty_0<2.0 -0.0147314
0>1>3>8>18>37>76>153>307 bh_lcf_score0<1.6977,bh_lcf_score0<0.885399,mt_img_count_show<2.0,bh_dssm_score<0.601599,ctr_real_4h<0.116985,imp_48h<30.0,ctr_real_36h<0.100875,cp_ulevel_3<2.0 -0.0147399
0>1>3>7>15>31>64>129>259 bh_lcf_score0<1.6977,bh_lcf_score0<0.885399,mt_img_count_show<2.0,bh_lcf_score0<0.372699,clk_real_16h<1276.0,bh_dssm_score<0.578899,mt_time_length<32.0,bh_dssm_score<0.686499 -0.0147455
0>1>3>7>15>31>64>130>262 bh_lcf_score0<1.6977,bh_lcf_score0<0.885399,mt_img_count_show<2.0,bh_lcf_score0<0.372699,clk_real_16h<1276.0,bh_dssm_score<0.578899,mt_time_length<32.0,bh_dssm_score<0.678099 -0.0147587
0>1>4>9>19>40>81>164>329 bh_lcf_score0<1.6977,bh_lcf_score0<0.885399,bh_lcf_score0<1.2744,clk_real_48h<630.0,bh_cls_mt_classes_cos<0.0104317,bh_lcf_score0<1.0913,imp_thirty<807.0,clk_real_8h<80.0 -0.0148019
0>1>3>8>17>36>74>149>300 bh_lcf_score0<1.6977,bh_lcf_score0<0.885399,mt_img_count_show<2.0,bh_dssm_score<0.601599,ctr_real_sixty<0.123929,lcf_tag_0<2.0,bh_lcf_score0<0.535999,bh_lcf_score0<0.349499 -0.014804
0>1>3>7>16>34>69>140>282 bh_lcf_score0<1.6977,bh_lcf_score0<0.885399,mt_img_count_show<2.0,bh_lcf_score0<0.372699,bh_lcf_score0<0.617099,clk_real_48h<1010.0,imp_thirty<343.0,clk_real_4h<66.0 -0.0148542
0>1>3>8>17>35>71>143>287 bh_lcf_score0<1.6977,bh_lcf_score0<0.885399,mt_img_count_show<2.0,bh_dssm_score<0.601599,ctr_real_sixty<0.123929,bh_rtlabel_mt_labels_cos<0.009999,cp_ulevel_3<2.0,mt_tscore<60.0 -0.0150044
0>1>3>8>17>35>71>144>289 bh_lcf_score0<1.6977,bh_lcf_score0<0.885399,mt_img_count_show<2.0,bh_dssm_score<0.601599,ctr_real_sixty<0.123929,bh_rtlabel_mt_labels_cos<0.009999,cp_ulevel_3<2.0,bh_scls_mt_classes_cos<0.00952281 -0.0150359
0>1>4>10>21>44>89>179>360 bh_lcf_score0<1.6977,bh_lcf_score0<0.885399,bh_lcf_score0<1.2744,ctr_real_thirty<0.143712,imp_thirty<2633.0,ctr_real_thirty<0.0974578,bh_scls_mt_classes_cos<0.0146618,ctr_real_thirty<0.0724727 -0.015112
0>1>3>7>15>31>63>128>257 bh_lcf_score0<1.6977,bh_lcf_score0<0.885399,mt_img_count_show<2.0,bh_lcf_score0<0.372699,clk_real_16h<1276.0,bh_dssm_score<0.578899,clk_real_sixty<10.0,mt_vty_0<2.0 -0.0151677
0>1>4>9>20>41>84>169>339 bh_lcf_score0<1.6977,bh_lcf_score0<0.885399,bh_lcf_score0<1.2744,clk_real_48h<630.0,ctr_real_thirty<0.162235,imp_thirty<2633.0,ctr_real_thirty<0.128079,bh_cls_mt_classes_cos<0.0412771 -0.0151809
0>1>3>7>16>33>67>135>271 bh_lcf_score0<1.6977,bh_lcf_score0<0.885399,mt_img_count_show<2.0,bh_lcf_score0<0.372699,bh_lcf_score0<0.617099,clk_real_48h<1146.0,bh_cls_mt_classes_cos<0.0602649,imp_thirty<230.0 -0.015294
0>1>3>7>16>33>67>136>274 bh_lcf_score0<1.6977,bh_lcf_score0<0.885399,mt_img_count_show<2.0,bh_lcf_score0<0.372699,bh_lcf_score0<0.617099,clk_real_48h<1146.0,bh_cls_mt_classes_cos<0.0602649,imp_thirty<262.0 -0.0154086
0>1>3>7>16>34>70>141>283 bh_lcf_score0<1.6977,bh_lcf_score0<0.885399,mt_img_count_show<2.0,bh_lcf_score0<0.372699,bh_lcf_score0<0.617099,clk_real_48h<1010.0,bh_cls_mt_classes_cos<0.113074,ctr_real_24h<0.0617919 -0.0155034
0>1>3>7>15>32>66>133>267 bh_lcf_score0<1.6977,bh_lcf_score0<0.885399,mt_img_count_show<2.0,bh_lcf_score0<0.372699,clk_real_16h<1276.0,mt_app_type_2880<2.0,cp_ulevel_3<2.0,bh_cls_mt_classes_cos<0.157402 -0.0155215
0>1>3>7>16>33>68>137>276 bh_lcf_score0<1.6977,bh_lcf_score0<0.885399,mt_img_count_show<2.0,bh_lcf_score0<0.372699,bh_lcf_score0<0.617099,clk_real_48h<1146.0,bh_cls_mt_classes_cos<0.227879,imp_thirty<5100.0 -0.0155274
0>1>4>9>19>39>79>160>321 bh_lcf_score0<1.6977,bh_lcf_score0<0.885399,bh_lcf_score0<1.2744,clk_real_48h<630.0,bh_cls_mt_classes_cos<0.0104317,ctr_biased_sixty<0.124033,imp_thirty<68.0,ctr_real_sixty<0.0835519 -0.0155635
0>1>4>9>20>41>83>167>335 bh_lcf_score0<1.6977,bh_lcf_score0<0.885399,bh_lcf_score0<1.2744,clk_real_48h<630.0,ctr_real_thirty<0.162235,imp_thirty<2633.0,bh_lcf_score0<1.0913,ctr_real_36h<0.049763 -0.0155696
0>1>3>8>17>36>74>149>299 bh_lcf_score0<1.6977,bh_lcf_score0<0.885399,mt_img_count_show<2.0,bh_dssm_score<0.601599,ctr_real_sixty<0.123929,lcf_tag_0<2.0,bh_lcf_score0<0.535999,bh_lcf_score0<0.349499 -0.015637
0>1>3>7>15>31>64>130>261 bh_lcf_score0<1.6977,bh_lcf_score0<0.885399,mt_img_count_show<2.0,bh_lcf_score0<0.372699,clk_real_16h<1276.0,bh_dssm_score<0.578899,mt_time_length<32.0,bh_dssm_score<0.678099 -0.0157806
0>1>3>8>17>35>71>143>288 bh_lcf_score0<1.6977,bh_lcf_score0<0.885399,mt_img_count_show<2.0,bh_dssm_score<0.601599,ctr_real_sixty<0.123929,bh_rtlabel_mt_labels_cos<0.009999,cp_ulevel_3<2.0,mt_tscore<60.0 -0.0159614
0>1>3>7>16>34>69>140>281 bh_lcf_score0<1.6977,bh_lcf_score0<0.885399,mt_img_count_show<2.0,bh_lcf_score0<0.372699,bh_lcf_score0<0.617099,clk_real_48h<1010.0,imp_thirty<343.0,clk_real_4h<66.0 -0.0160477
0>1>3>7>16>33>67>135>272 bh_lcf_score0<1.6977,bh_lcf_score0<0.885399,mt_img_count_show<2.0,bh_lcf_score0<0.372699,bh_lcf_score0<0.617099,clk_real_48h<1146.0,bh_cls_mt_classes_cos<0.0602649,imp_thirty<230.0 -0.0161488
0>1>4>10>21>44>89>179>359 bh_lcf_score0<1.6977,bh_lcf_score0<0.885399,bh_lcf_score0<1.2744,ctr_real_thirty<0.143712,imp_thirty<2633.0,ctr_real_thirty<0.0974578,bh_scls_mt_classes_cos<0.0146618,ctr_real_thirty<0.0724727 -0.0161893
0>1>3>7>15>31>63>128>258 bh_lcf_score0<1.6977,bh_lcf_score0<0.885399,mt_img_count_show<2.0,bh_lcf_score0<0.372699,clk_real_16h<1276.0,bh_dssm_score<0.578899,clk_real_sixty<10.0,mt_vty_0<2.0 -0.0162112
0>1>3>7>15>31>63>127>256 bh_lcf_score0<1.6977,bh_lcf_score0<0.885399,mt_img_count_show<2.0,bh_lcf_score0<0.372699,clk_real_16h<1276.0,bh_dssm_score<0.578899,clk_real_sixty<10.0,bh_dssm_score<0.450099 -0.0162423
0>1>3>7>15>31>63>127>255 bh_lcf_score0<1.6977,bh_lcf_score0<0.885399,mt_img_count_show<2.0,bh_lcf_score0<0.372699,clk_real_16h<1276.0,bh_dssm_score<0.578899,clk_real_sixty<10.0,bh_dssm_score<0.450099 -0.0168196
